Label,Postingan
1,depresi cemas rayap
1,depresi buru
1,depresi terusmenerus
1,kali bicara depresi psikologi mata samping jalang depresi teriak kali
1,depresi lelucon marah
1,hutang minggu depresi cemas interaksi nyata dunia langsung internet twitter email milik biar orang
1,lihat tidur siang depresi jam arah
1,periode depresi ganda sebal tahan gagal biar makan kadaluarsa masak erti terima kasih suka
1,depresi bpd cemas lampias
1,twitter tulis juang lawan cemas depresi
1,depresi candu narkoba baur
1,tidur makan sedih selamat depresi
1,percaya depresi cemas
1,hidup serang cemas penuh depresi dll buruk henti tinggal
1,butuh jam belanja bahan makan energi pulang tinggal publik depresi
1,depresi keras bodoh
1,masak depresi
1,narkoba hindar depresi
1,alami depresi serang panik orangorang lupa bunuh orangorang ampun gadis malang hidup orangorang peduli hidup peduli berita
1,sengsara tipe tani tipe orang biar depresi
1,depresi jahat
0,perang adab perang pikir sempit ruang gerak umat islam
0,moga gerak kerja islam sentiasa allah swt
0,tanam orang lambat gerak kerja islam
0,rugi bantu gerak kerja islam allah mudah urus hamba tolong jalan
0,gerak intelektual islam indonesia geser isuisu hangat bincang terminologi dekade abad
0,kembang adab islam kucing hadir teman sejati nafas gerak geliat kembang islam teman sejati
0,allah bantu hamba teladan rasulullah muhammad saw gerak langkah
0,produktif amin
0,produktif kaya pas mahasiswa
0,senang produktif pagi
0,produktif
0,produktif alhamdulillah
0,produktif semangat
0,barusan produktif
0,hidup seakanakan kau mati besok
0,ajar seakanakan hidup
0,mager tugas semangat
0,bangun siang mager dengar musik semangat badan
0,semangat mager
0,ayo sambut berkah ramadhan
0,ramadhan
0,gerak produktif karya seakanakan mager jahat lupa kerja hidup hidup kerja
0, iman suamisuami orangorang kafir tiada halal orangorang kafir orangorang kafir tiada halal 
0,ramadhan dekat allah kasur
0,sabar
0,lemah hatihati kau keluh syukur kuat
0,terima
0,putus bahagia sungguh alas syukur sedih
0,mudah capai sungguh sungguhsungguh
0,hidup ubah ubah
0,cantik tarik mata karakter tarik jiwa raga
0,keluarga investasi
0,selagi engkau jalan tuhan curam liku kau sesat
0,pandai pandai syukur keluh
0,jodoh pergi keras tolak jodoh erat genggam lepas
0,tenang mesti tekan sabar mesti sulit rendah hati
0,sombong perahu hampar laut gulung gelombang sombong
0,doa orang tua doa kagum
0,syukur
0,orang engkau laku orang
0,kunci hidup bahagia jalan nikmat syukur
0,sibuk kejar lupa rela tulus
0,indah mewah bahagia foya foya
0,berat beban engkau hadap percaya batas
0,sehat paham
0,bajar buka hati engkau cinta
0,kuat kasar lemah
0,jodoh tukar tunggu sabar
0,cerita cerita
0,kecewa racun indah alam obat santun
0,paksa paksa
0,egois derita
0,tetap percaya
0,putar
0,syukur lupa nama sedih
1,persetan
1,juang keras hidup hapus tweet selesai sukses tenar damai ganggu tangan
1,pria sehat kondisi mental hidup pikir laku lelah usaha keras jalan tweet
1,pergi orang coba komunikasi orang pegang pikir jumpa sisi selamat tinggal
1,perlahan mati hidup pria tidur peluk john alas ledak kepala
1,pikir tinggal dunia todong pistol mulut pergi
1,mati mati singkir mimpi buruk alami bunuh laku remaja ceroboh tolerir sakit tahan doa bunuh
1,istirahat damai
1,buruk mimpi mati
1,pesta pesta sakit masturbasi tidur ulang
1,titik cekik pergi tenggelam teriak
1,pacar senang nder kadang depresi bunuh
1,benci mati
1,mati semat dada buta lihat dunia persis hilang asmara ombak juwita
1,pemuda bunuh gagal
1,bunuh
1,bawa bunuh hilang dunia mati
1,bunuh
1,tekan mati
1,blink adam lagu resap bunuh
1,mati tipu tipu tabrak listrik mati
1,hancur berfikir bunuh bunuh
1,sakit hati luka jasad nasihat kau acah malaikat alas kau ikat fikiran
1,gila hancur sakit riak orang menu
1,bodoh kali lucu mati
1,asa jalan bibir jurang jatuh takut mati
1,niat bunuh coba cebur air
1,gali kubur bunuh
1,benci dendam balas ken bunuh
1,bunuh
1,sadar momen hilang sikeras tahan bunuh
1,bunuh muncul
1,bunuh hilang dunia mati
1,kuat bunuh
1,sungguh bunuh
1,suka hancur derita orang dengar musik bunuh euronymous
1,bunuh
1,hidup berani mati sungguh benalu
1,bunuh mati
1,selamat malam
1,mati
1,nampak ade cewek lelah ade
1,sakit kau sakit perih ikhlas terima terima sakit bunuh sifat egois bangun mimpi tuntun manusia ikhlas terima nyata
1,harap hidup hidup keluarga keluarga
1,terima pergi tenang inti sayang anak istri
1,esok nama arwah pakai cantik esok pakai kain kafan sahaja pijak tanah esok tinggal tanah mandi esok orang mandi ramai teman esok orang salat esok orang salat andai hidup dunia ampun salah silap kenal pergi sedekah alfatihah tanda kau rindu basri
1,mati penat
1,tweet selamat tinggal
1,benalu lingkung kaya enyah muka bumi selamat tinggal
1,jaga orang depresi jumpa
1,selamat tinggal
1,orang ketidakadilan dunia tinggal dunia
1,terima kasih caci maki tuhan salam
1,pikir ringkuk ruang gelap sesal lepas orang hela napas gelisah bekas luka doa luka harap bahagia mohon gelap siksa siksa tolong
1,akting lelah lelah akting luka alam jalan tekan pecah keping
1,maaf semu selamat tinggal
1,cewek sibuk urus rumah tangga orang rumah tangga orang pas dikomen blok nama pelakor zaman urus rumah tangga
1,puput
1,nyesek
1,suka kau caci maki kau
1,doa moga kau luka
1,selesai
1,peduli terima kasih bantu hasil tahan paham depresi paham jalan harap
1,bahu sandar sajadah sujud
1,mati
1,mati
1,kantuk kantuk mati
1,mati ayo
1,ken mati
1,mending mati
1,bayang kau kebas jahit hidup mati
1,jalan mati
1,peluk cape banget mati
1,nadin emang cinta mati
1,benda fikir kena hadap benda alah bodoh mati senang
1,teman mari mati
1,mati
1,usaha mati badan awas sampe tante cantik gendong
1,tuhan mati
1,hati nurani mati
1,mati
1,mati
1,mati peduli
1,cape batin gegara dosen kasih thr alias tugas raya ken mati
1,pergi mati
1,anjing ken mati
1,mati banget
1,ultah pikir mati tenang
1,mati
1,bagus selesai latih hujan lupa bawa obat mati
1,mati anjing kesal
1,bom mati parah
1,google mati cepat sakit
1,titik pikir kali ken mati
1,mati
1,lemas banget lihat tangan putus darah kucur hujan deras mati lampu halilintar gema
1,mati coba
1,mati japri futur
1,peduli mati raih mimpi sesal
1,hidup mati mu hidup lagu lirik banget
1,ayo mati
1,mati kenyang goblog
1,selesai kerja cape banget lihat cape langsung hilang gemes banget mati
1,mati
1,kerja mati hidup siasia banget sedih
1,ken mati
1,ken mati mati mati
1,ken mati
1,ken mati egk
1,cape ken mati
1,hidup pecah ken mati
1,ken mati
1,ken mati tabrak
1,cape ken mati
1,ken mati
1,ken mati
1,mati sakit bunuh sakit
1,iya besok keluh konten status syukur motivasi ala mati
1,ken hilang mati
1,cape banget hidup mati urus
1,tidak apa apa mati ikhlas
1,mati
1,tidak apa apa stres depresi arah mati
1,mati kerja sial
1,ken mati ayo mati
1,besok jumat bundir mati syahid
1,kangen kejar maut jalan raya sampe mati
1,cinta mati
1,ken mati cabut allah nyawa
1,iye enak stan hina ken mati kaku banget badan
1,mending makan sayur kepo asyik hidup kadang ken mati
1,kaya gin lintas ken mati mati enak
1,cape banget ketawa teman pulang ken mati lucu banget
1,kuat tidakk kali ken mati akibat sepele sampe ma
1,mati suara kepala malam
1,aneh tingkat bangun keluh ken mati mulu
1,ken curhat orang orang cuman dengar cerita suka mati
1,tweet ken mati
1,cape rumah asli abis lebaran ken mati cape sumpah
1,cape lelah fisik lelah hati pikir ken mati
1,ken cepet cepet mati kuat
1,nyaman aman ketawa kepala ken mati
1,gila magrib magrib pikir ken mati
1,ken hilang bumi mati posisi
1,nama ken mati
1,mabuk umur aduh umur aduh anak umur kadang ken mati
1,ken mati
1,allah kuat ken mati
1,ken mati kena corona mati
1,ken mati astaga
1,allah ken mati kaya wajar banget nyerah kali
1,suka cape ken mati
1,umur gitu semangat banget umur ken mati
1,ken mati hidup cuman beban
1,ken mati
1,duit bawa mati duit kaya ken mati
1,ken mati
1,pagi pagi ken mati
1,panik banget ken mati
1,ken mati cuman ken tinggal
1,ken mati
1,sore suruh keluarga ken mati kesana
1,ken mati mati hit beda
1,ken bunuh takut mati
1,cape banget ken mati
1,np lagu sedih galau banget anjing ken mati tuhan
1,ken mati
1,ken mati
1,ken mati mulu hidup asa warna suram banget
1,malas ken mati
1,stress gila mati
1,aduh kuat kaya mati gitu subuh matahari nampak
1,mati anjing kuat menjalani
1,mati
1,bingung nebus salah gimana mati
1,cape banget mati
1,mati
1,mati mati
1,sampe situ mikir mati
1,aduh mati
1,mati
1,mati
1,mati
1,cape banget mati
1,bunuh kali bundir bundir mati moga
1,teman mati
1,mati
1,kayak gimana sakit lahir bom sembuh mental tumbang kadang mati
1,kaos nana diem mati
1,jeno renjun diem mati
1,mati
1,mati selamat tinggal gemar
1,mati
1,mati
1,pusing mati
1,mati
1,mati
1,mati
1,mati
1,mati
1,mati
1,allah kuat mati
1,mending mati
1,besok mati
1,mati
0,ngeri hidup hidup mulia tuhan mati mulia tuhan salut banget
0,aduh cari sulit anggap jago pas
0,tenang aduh mati seram gegara pangkat
0,coba ajak main adik ku nonton tv sampe anggota keluarga
0,cari mati syahid sungguh sungguh mati
0,mati lampu
0,taman surga mati
0,serius mati
0,episode adik mati tembak abg
0,duga korupsi orang mantan anggota dprd kota manado periksa sidik kejar manado nkri harga mati
0,pas sd mati mati hafal seguk cek emak
0,kali teman baya kecepetan mudah cepet mati amin
0,pabrik mati listrik gabut sungguh
0,mati covid
0,doyan main hati rela umbar janji bosan cari gomb
0,min air nyala kemaren sore mati
0,lt motor mobil hebat gila cari mati matang
0,lupa asik gitu gampang lupa gitu akun suka mati suri
0,mati lampu sayang
0,kelar eps han hidup pas mati neng banget tonton fokus cerita smp
0,hape mati kabel chargernya tinggal rumah teman
0,emang kpk berantas korupsi jaksa kerja banding kpk polisi
0,nanyak deket celaka tunggal pas magrib
0,takut mati tekan minyak
0,sampe mati duit
0,logo warna coklat groot mati logo warna biru yondu mati logo warna abu
0,coba musuh kerja cuman mati
0,hidup engkau mati besok bajar engkau hidup
0,klaim tuhan mati atheis klaim akal ilmu uang
0,mati
0,iya angkat langsung mati
0,kalang kabut ancam penjara jaga
0,kebas tangan kaya mati
0,klik sleep mati bentar rapi layar nyala
0,kpk tebang pilih mati
0,valerie mati lampu
0,orang lihat tema hp cewe ejek mati bodo
0,bosen hidup takut mati
0,mati
0,hape mati total duit
0,malam kena marah bibi register vaksin vaksin
0,tunggu jadwal mati
0,peduli sampek lupa mimpi mati bela keluarga
0,bicara mati suasana hati banget
0,pas selesai hadang mati pokok anak drama sampe proses
0,banget pas tobat aduh mati
0,konstabel pindahmati tembak rak perang
0,orang cerai tinggal mati ktp cerai
0,mati listrik
0,konstabel pindah sibu mati tembak rak
0,pagi aduh mati listrik
0,dkv cinta mati momen lemah tugas kelar
0,kaget jam malam mati telepon
0,mati listrik batre maksud
0,heboh mati listrik mati rumah kabel listrik putus
0,konstabel pindah mati tembak rak
0,anjing rewatch scene mati tonton twd semenjak bunuh beth
0,uji lembaga negara mati
0,kaya gin suruh ujung ujung dikatain malas serah mati langsung
0,mati absen tidak
0,nkri harga mati bos gitu
0,iya mati
0,kemarin gitu abis uji langsung drakoran
0,malem mati lapar
0,mati covid mati vaksin mudarat ramai takut vaksin covid
0,hidup mati hidup
0,kontol nama lela dasar memek kontol koar koar mati
0,kerja panjat mati mati
0,mati
0,mati gank novel bodoh twk lulus sewot ajar
0,mati kaya akting
0,kisah kenang mati dana
0,mati lampu
0,hello menteri sektor mati sektor tiada gaji
0,jeki mati
0,mati mas patih baca syukur
0,mati jalan
0,gemar salah bela mati
0,orang orang takut mati hidup harga manusia
0,usaha logistik mati supply penuh tuntut panik panik
0,basah tanah mati
0,lupa judul pokok mati sakit
0,aroma indonesia wangi kopi tembakau khas
0,mati kpk mati kpk moga mas febri sadar
0,sungguh talib jerat koruptor sampe mati
0,mati
0,mati
0,aduh kerja mati hasil kerja orang sakit
0,mati
0,orang mati
0,mati klasifikasi hati hati mati
0,orang mati sedih dunia jalan mesti
0,tembak mati
0,mimpi mati mulu
0,kaka parah anjing bsa mati kutu laptop ngelag
0,tali pusar hubung janin tubuh sang salur bawa oksigen hirup
0,berani mati
0,kemarin mobil mati bawa kakak cewek mati pas isi bensin dorong
0,mati lampu
0,cari mati kau
0,chef mati ratib ayat wirid lepas magrib
0,bangun tidur cek hp pesan teman korea semalem bunuh
0,mati
0,shinobi hidup mati jiraiya
0,mati lampu anjing
0,jalan raih mimpi liku batu paksa usaha
0,paham dunia mati dinding dunia eren jaeger shingeki kyojin
0,pagi mati kena tembak alhamdulillah hasil aju proposal moga
0,tolong banget wifi mati sampe malam
0,korupsi bunuh massal bunuh rencana hukum mati
0,nada senior tenang sampe getar nahan marah orang orang tipu
0,mudik indonesia orang rela mati mudik ketat larang
0,problematik iya banget bangun sadar lapis tera
0,kirain spotify dendam gitu pas mati alarm
0,pasok listrik kadang mati alas
0,indonesia caplok cina negara tibet uighur tni polri kema
0,selesai minggu internet mati
0,juang mati hebat senang
0,orang hati mati harap jiwa hidup hakekat bangkai jalan
0,suara mu suara mu mu suara mu doa mu suara mu mati mu
0,raya ken ngumpul bareng engkau mati raya engkau harap hidup
0,listrik mati pas zoom meeting kampret
0,malam sabar lirik habis episode malam
0,salah beliau bakar orang mati populer
0,kemaren akses internet wifi rumah mati tinggal kabar
0,hidup suka mati suka lindung orang kau cinta kau
0,kakashi mati mata
0,berani mati indah
0,gegara karpet masjid zaman smp tidur habis isya sampe witir allah
0,kacau negara faisal tokoh nasional berani
0,bangun tidur kayak orang mati sekian kali
0,mati suri
0,vaksin syarat mati kena covid syarat mati hidup rokok
0,kereta mati coba
0,cewek matre cowok miskin cowok brengsek cewek cinta mati
0,covid india orang pilih mati juang keluarga rawat
0,lahir miskin salah mati miskin salah jual tiket tiket promo
0,mati akal akhirat anggota
0,mati
0,ayam mati dadak ekor kalkulasi minus rupiah rugi tenaga
0,efek malam pantahu asrikaton alir pdam mati pagi
0,mati
0,mati
0,ajar sah islam al quran rasul
0,rumah kawan iftar main komputer sebentar buka puasa duduk rehat sofa rak
0,tinggal anak lahir kemarin mati sehat
0,mati kangen rilis album rehat
0,teman teman mati istirahat
0,screenshot aktif twitter covid wujud mati covid ajal
0,mimpi hidup hidup mati
0,ajar mati mati bajing
0,listrik pln mati
0,foto samping pas sekolah laptop rusak mati total data hilang
0,kemaren korupsi pake dana bantu covid hukum mati langsung langgar
0,hp mati uts jam sore kumpul nyala hp kesal banget
0,masuk gereja bawa bom ledak mati sahid masuk gereja jaga toleransi haram
0,somad semangat ngebom orang bom bunuh mati syahid bahaya
0,tugas uts bangsat mati tumbuh ribu
0,rela uts laptop mati hidup mati hidup ambil servis bershabat laptop
0,perintah terap hukum mati laku korupsi bansos
0,bom ekor anjing mati debut
0,film jepang adik mati kena bom atom judul
0,agency member mati suri
0,top tekno berita internet papua mati gempa sabang alkohol tempotekno
0,sahabat msi hidup mati suri
0,mati suri
0,anjing tidur kayak mati suri
0,ricky bom mati ricky jebak elsa ricky dosa elsa elsa pusing tujuh keliling
0,insting ricky pura mati balas dendam elsa ikat cinta
0,telat gara gara internet mati
0,alhamdulillah ricky mati tolong martin kali martin nyuruh raf
0,ricky mati ricky salah orang ledak bom elsa ikat cinta
0,ricky ricky pura mati malas ikat cinta
0,ricky mati ikat cinta
0,anak kucing takut mati
0,mati
0,kucing mati minggu kucing mati rumah
0,kucing ekor mati
0,aduh nambah main ricky mati pura mati balas dendam elsa
0,sakit hati banget tahan hidup kumpul mati
0,telat mens mens asa mati badan sakit tolong
0,ajar mati malam begadang uts
0,orang sebar benci sampe nyuruh orang mati
0,acc kayak akun mati cuman hbd acc bicara sampe titik
0,admin hati daerah mati indihome tolong bayar
0,asik tulis cerita wifi mati kuota hotspot
0,mati pas ibadah
0,rezeki mati jodoh
0,mati orang mati ajar hidup mati bekas banget
0,milih cantik juang mati mati
0,pesan anak suka mati topik kenal suka takut gitu
0,percaya omong orang habis putus cinta minggu ngomong mati
0,mati listrik
0,gedor pesan sadar mati topik
0,kadang rumah anti sosial
0,cap fakgirl cape anggap orang laku paksa pacar orang
0,mimpi patah orang sakit
0,asumsi sepi fikir bunuh cepat cari bantu
0,pandang rendah tampil hadap bantu masyarakat selamat orang
0,mati bunuh hilang
0,manusia salah sedih orang sakit
0,go eun frustasi kakak bunuh video do ki go uen cerita
0,india orang mati tuhan
0,manusia mati manusia arti hidup
0,erti wanita drama bunuh sejati
0,mati mati ubah suka orang hidup rumit pakai topeng
0,sadar milik salah maaf kang
0,orang bunuh mati henti asa sakit
0,karya mudah cela
0,kadang lihat bebek urus nyawa sincan
0,anggap suka ulama orang gila
0,cowok suka marah marah istri hutang lumayan
0,kerja partai klepon indonesia
0,tweet setan
0,sesal
0,pecat pakar bahasa bakar kamus bahasa definisi kritik akal sehat mati
0,orang mudik nama mudik orang pulang kampung nama pulang kampung
0,orang sibuk bantu negeri bebas napi
0,ngomong marah jebak
0,cinta kerap cangkir kopi dingin tinggal pilih hangat buang
0,ramadhan rumah keluarga
0,suami suami jahat
0,rebah passion kembang pandemi kaya
0,hidup indah pandai syukur
0,sabar obat sulit
0,aplikasi ubah
0,selamat pagi calon rezeki tinggal jemput
0,anak anak cermin lupa teladan
0,ice cream
0,ice cream
0,berekspetasi senang batin
0,belanja shopee malam treasure shopee unduh shopee nonton treasure
0,ken banget sumpah jodoh felix felix jodoh kayak tega
0,nama yesus min belanja shopee malam treasure shopee unduh shopee nonton treasure
0,bang
0,artha nama
0,banget makan cium bau nikmat
0,bodo aktif akun
0,gantung nyerah sayang
0,gimana tukar nder pc pc bias teman wajar
0,mati lampu habis batre beli makan
0,banget min moga untung moga kali
0,lelah niat serah coba alas
0,bingung tulis
0,banget rekam emosi potret pakai opporeno
0,allah
0,post cover hello tiktok amin rame besok
0,bantu rnb acc tolong interaksi
0,nama yesus min belanja shopee malam treasure dishopee unduh shopee nonton treasure
0,serah tidak apa apa pasrah mending masuk club
0,anak gimana ikhlas adik
0,mandi malas banget
0,umi jodoh anak ganti beli spotify
0,domain wangi bangun btw domain ayo bareng
0,halo canon rp kasar berat tinggal jejak bait
0,badut
0,stamina habis ribut hal remeh hibur ema
0,selesai saldo dana
0,saran kemarin bingung chekout duit
0,selesai min moga untung shopee treasure shopee live shopee bareng treasure terima kasih shopee
0,rimbun
0,kirim
0,begadang bangun bangun pas main pulang main berangkat ngopi
0,oppo reno shopeexopporeno oppo reno shopeexopporeno oppo reno
0,makasih baca
0,moga kali menang oppo reno shopeexopporeno oppo reno shopeexopporeno oppo reno
0,liat komen kepo sampe nemu tweet svt kenal banget
0,bismillah allah moga menang belanja shopee malam treasure shopee
0,akun sandera akun transfer pulsa komen twitter
0,halo teman teman kerja niat nonton film netflix rekomendasi
0,bingung tl isi base
0,minggu kaya
0,jual kak app premium langsung proses percaya legal garansi order
0,nunjukin muka iya harap kemarin genggam
0,hallo cari hadiah ulang wisuda tanda terima kasih
0,pikir sebentar catat tema lagu
0,hadir gerai vaksin polres mudah masyarakat vaksinasi poldasulsel
0,data teknisi hubung
0,henti usaha sempurna temu lemah hidup
0,banget hallo cari hadiah ulang wisuda tanda terima kasih
0,niat jajan selamat tinggal uang
0,siang bolong muncul hasrat chaeryeong
0,bestie hallo cari hadiah ulang
0,allah hati temu gerak salah hati
0,posisi
0,kotor megumi bau badan
0,kemarin beli kaos
0,allah choi hyun wook
0,pindah madagaskar
0,orang usaha orang coba
0,sumpah kena virus
0,lupa kau tolong bodoh
0,rengek atta halilintar aurel hermansyah beli sapi harga fantastis
0,gemes bot cuman hasrat mukul
0,jean tutup mata senyum kembang kecup hangat
0,asa cape edukasi keluarga sayang khawatir
0,bangga army bangga gemar
0,ragu diskon lazada beli karen
0,isi
0,kau pergi
0,masyarakat beliau pimpin periode bismillah komisaris
0,anjing
0,rugi hilang ego
0,senang daku curiga
0,suka lihat profil aplikasi whatsapp mudah
0,hai adik adik mahasiswa karyawan telkom
0,halo eisha ayo teman kuat kibar bendera putih
0,mantep produk beli lazada puas banget
0,kak kasih contoh ngirim format pesan paham contoh submit cerita
0,muka bumi beli pake harta beliau simpan
0,jujur orang sayang
0,lelaki gambar kenal pandu lori berani ajar coba
0,iya ramai
0,sifat rahasia alas isi link sarana
0,marah syukur
0,pacar sah langsung
0,wali kota panitia laksana vaksinasi laksana
0,wst swiftieee konser online gitu sumpah banget teman teriak nyanyi lagu mba
0,gigit
0,gugah selera produk beli lazada
0,hubby bidang it upload bobol cloud ransom hacker uang tebus aduh sampe upload sosmed acc jejak digital hilang aduh lihat orang artis emang target banget kena
0,pas uang beli pas uang beli
0,tolong lelang acc foll tweet foll tweet barter uang terima kasih
0,rakyat gaji uang uang game monopoli
0,ketemu sebentar kangen uang gaji
0,uang batas pola pikir positif jam tidur aman
1,hidup hidup buruk hidup kosong makna dalamn cipta makna sakit tahanahan jalan kepala mobil orang lawan henti cemburu karakter tragis tumpu gomer cepat bawa hidup
1,gumam mati harga bahan jiwa hidup dunia keri sepi harap mati otak
1,budak kerja tuju hidup hasil uang orang orang tua paksa guru milik piring utang uang jalan mudah lelah urus tegang amerika istirahat
1,oktober overdosis keri rumah sakit jalan susur lorong sekolah aneh minum pil benci siapasiapa milik suara kepala hilang terima kasih baca
1,peduli mati sepi
1,hebat harga kecuali pilih orang betapa hebat cinta cinta orang samping orang orang gila pegang kerja cinta hak hak mati brengsek marah kesal orang laku sampah ganggu luka
1,mati tunggu lihat mati tarik maaf ajar hidup sulit mati
1,cemas sehat dorong pikir buruk kepala juang sehat lakilaki usia sifat pesimis pikir buruk tangan kaki semut bakar bayang kursi roda beban pacar keluarga pikir bunuh muncul benak pilih buruk hilang fungsi motorik kognitif hidup sulit sehat gagal kali
1,bahagia anak pikir bunuh kadangkadang pikir rayap takut minggu muncul uang ikat laku rumah anjing orang henti laku sepenuh dorong tinggal cinta harap rayap bantu asa laku mudah orang sadar betapa butuh
1,ptsd alkohol alami keras keri usia usia lupa tekan hubung banjir pikir hidup alami serang panik trauma kubur alkohol pornografi acau hidup hubung orangorang signifikan takut bicara orang percaya keluarga terap potensial paranoia irasional ekstrim orangorang libat cari sakit kadang kadang konsumsi pikir negatif keri hindar coba terap skala geser serah gagas terapi serah
1,pergi buruk minggu pergi kencan pria pergi coba paksa pergi takut gaul pria pecat kerja habis sisa minggu isi aplikasi kerja bantu depresi minggu alami pergi uji kena gonore pria coba paksa pergi makan malam rumah teman mobil derek utang coba bunuh minggu minggu gaji rekening bank tagih cek bantu juang sisa
1,coba bunuh peras ancam jeblos penjara laku nama orang tua
1,usia benci milik teman introvert milik pacar ganggu tolak tolong bantu bunuh pergi bumi tulis catat kertas betapa harga bodoh bidang bodoh masuk kerja butuh orangorang sosial salah pacar milik perawan buruk hidup asa teman pacar dewasa rencana bunuh bantu terima kasih baca
1,selamat tinggal orang ayah kasar gertak kecut milik figur ayah cinta gadis gadis cinta milik suara lemah lang tur irak bunuh orang orang coba bunuh orang orang bunuh teman teman hilang kaki pinggir jalan dokter mimpi fantasi capai habis penjara polisi geledah rumah temu gram rumput liar tanam lelah arung neraka tunggu milik mm selesai kerja cepat bersih persetan
1,henti sial berani hormat dendam kasar arogan arogan lupa bodoh cerewet malas murung lelah isi aplikasi kuliah rencana hidup mati henti malu keluarga repot ahli balistik peluru mayat senjata jujur cenderung subjek teman sekolah
1,hidup sisa tenang damai tunggu butuh
1,benci orang tua bunuh benci ayah anak ayah kakek pacar teman tumbuh up pikir pergi makam tinggal benci lubuk hati milik rantai benci abai teriak benci benci bunuh
1,hidup dunia buruk jahat tangan jahat dunia orang apatis derita dunia orangorang aktif kontribusi orang leceh benci bunuh alas orang bunuh bencana alam orang peduli pikir hidup
1,umat manusia takut mati takut mati abad takut masuk neraka omong kosong sakit juang bunuh pikir henti vagina mudah juang hidup tempuh rute mudah pribadi pikir umat manusia takut ketidaktahuan mati mati lapor mati klinis alas bunuh pus pus erti maksud
1,pacar tinggal benci kuliah arah hidup tidur bangun pikir bunuh barubaru metode beda alas laku vagina milik akses obatobatan overdosis tinggal gedung terap psikiater pil buruk gejala peduli tinggal sakit orangorang jalan hidup sial orang nyaman mabuk tarik pelatuk kias harfiah
1,bunuh pekan alas hidup ubah tinggal perkosa anak orang objek seks selamat tinggal orang
1,bunuh malam lesbian mahasiswa pascasarjana sekolah konservatif nama amerika hidup sial gadis sepi seks cinta temanteman juang temu laboratorium disertasi temu profesor sarjana cur kredit laku pergi lelah harga
1,rumah sakit upaya bunuh hati kacau pergi stabil medis pergi rumah sakit jiwa hasil
1,hati mati juang trauma depresi pikir bunuh jujur halhal sakit duduk asing bingung depresi sengsara daya jujur titik benci hidup
1,meni suami cinta cinta bunuh jujur bahagia positif semangat hidup depresi lumpuh cemas pikir bunuh potong menang hancur harihari percaya orang peduli kecuali suami kadang kadang dorong pergi salah laku hilang pikir orang suami
1,kosong fokus sekolah buruk buruk malam mabuk bantu buruk sepi putus sadar hidup orang hidup alas bunuh takut sakit
1,hidup muak laku hidup mati depresi selibat paksa pikir alih kerja seks mati motivasi mati kota lahir jembatan meter bunuh jatuh dunia nyata selamat tinggal
1,orang bunuh laku hindar peduli sakit bunuh pikir iring nyata takut mati laku
1,coba hidup rumah racun orang tua kontributor utama depresi cemas individu harga kerja motivasi tinggal rumah tidur hidup omong kosong kadangkadang pil minum timbang masuk genggam mulut baring tidur harap mati bunuh kecut lelah dengar
1,habis pilih fisik sakit nafas mimpi tuju ambisi motivasi coba rumah sakit er terap ruang jiwa obat beda pacar orang cinta keluarga pergi minum obat obat minum tinggal bicara sakit sakit lahir derita tuhan nyata mati
1,orang sakit muak orang coba tahan manfaat muak pilih muak abai takut benci orang murka sakit muak sembunyi bayang ambil laku kali lipat harap lega muak orang takut muak orang bahagia hidup sempurna bahagia orang
1,tunggu mati tunggu mati baring kereta setel bodoh tunggu bunuh bunuh cepat hubung intim singkat bunuh senjata larang negara pisau batu bata laku laku darah metode lambat amandel bau benci bau manusia bentuk kecuali dashas sial benci tubuh benci arteri hidung bibir air liur mata benci tubuh manusia kecuali dashas cinta dashaku
1,codeine ativan obat tidur alkohol putus asa serah
1,beranta habis obat obat milik kuat energi isi ulang pergi kelas duduk trotoar menang jelek orang pikir tutup kepala sial laku tidur istirahat kota teman duduk bicara gantung bawa kucing aneh pergi tinggal tidur siang jam sakit kepala lelah milik cuci bersih kamar beranta sisir rambut berharihari makan halhal coba hindar pikir sakit ganggu malas keri henti
1,benci asa titik pikir pegang teguh hidup tunggu situasi lepas asa tahan benci benci benci hibur gagas tiada hibur gagas tiada rindu
1,tidur salah buruk ubah pengaruh pergi tidur bangun hadap
1,antre supermarket pikir lompat gedung tingkat baca cerita musim gugur hidup lonjak adrenalin mari supermarket orang pergi pikir henti zombie total toko duduk bus pikir lembaga ikat ranjang rumah sakit bangsal psikologi bus urus omong kosong energi sisa milik kerja butuh kerja paruh rumah kerja langsung tidur sesi psikis obat coba dosis rendah ssri benzo produktivitas dunia nyata harfiah kadangkadang pergi minum temanteman omong kosong emis henti bicara kadangkadang milik kuat libat cakap
1,khawatir hilang besok takut khawatir sebelas bersih sadar besok program pelihara metadon minggu jalan pulang adil emas barangbarangku bersih apartemen selamat tinggal harap harap bunuh kuat dada ledak cemas menang menang hakim besok praktis mohon hidup
1,mati buruk lakilaki pacar pergi tinggal kantor beban kerja temanteman benci keluarga benci mati pilih
1,bawa mati ajar bunuh hidup tahan milik terampil bakat orang bosan habis luang temu pacar temu pergi sedih dengar musik bosan musik tidur bangun
1,tolong maaf coba bantu lelah beban orang lelah orang tulis bantu coba bantu rencana minggu dunia
1,alami celaka mobil harap buruk luka parah kemudi kadang kadang bayang tabrak sekarat milik panggil barubaru kemudi pikir harap ambil henti asa enak kali celaka mobil acau minum obat mati keri milik mimpi minum sertraline aktif rencana mati jalan mati hidup gerak maju celaka mobil habis uang keluarga salah kompensasi mati sedih kecewa biaya putri keri
1,kosong pilih nomor gantung asa tulis pidato makam lupa
1,cari ajak bicara laku mati
1,bunuh tekan musim panas sekolah buruk coba bunuh mobil laku buruk pindah program guru ambil kelas cc sekolah sial sekolah minggu maju cepat mati trauma laku benci semangat
1,bahagia usia pikir mati usia alami cemas hidup depresi usia buruk misophonia siksa hidup buruk laku hidup alas hidup teman keluarga takut mati ironis harap mati harap lahir hidup takut henti kecut sedih
1,leceh naksir seksual dunia sentuh naksir tarik tuju kelompok teman ketat kali coba sentuh tatap kadang kadang potret sadar implikasi laku luka khianat nilai ubah takut hilang hidup henti sentuh
1,pikir keping hidup atur takdir tinggal rumah sebentar kerja bebas peduli mati bangun pikir bunuh laku harap pistol pikir temu laku hilang nikmat musik gadis suka jatuh cinta orang teman pacar jijik hidup tinggal
1,juang putus cinta kali alih minum obatobatan sakit bunuh buruk ubah hidup pikir hasil bangkit terapi psikiater lexapro henti minum henti rokok olahraga makan fokus pergi kerja hobi kadang kadang bantu bangun tidur menang sulit sulit tulis posting bangun siksa gila lari katakata bijak
1,hidup neraka peduli tiada bahagia sedih milik acau peluang milik layak kerja pacar motivasi hidup sakit hidup
1,hidup milik tuju bangkrut sepi sengsara hidup karung kotor keluarga sah benci miskin teman dengar kabar kecuali hubung lajang dekade lajang depresi giling dunia henti dokter bantu orang erti lelah laku baring mati diamdiam hidup hilang
1,bunuh maaf putus asa
1,mati pergi bunuh sunti sadar hidup mimpi buruk mati
1,lemah salah kerja hukum pergi cuti takut ambil stres tinggal bunuh pilih dokter obatobatan gila teman jaring dukung keluarga teman omong kosong pacar ajak bicara beban lemah orang sial
1,pusat rehabilitasi bunuh jalan hidup sedih depresi serah mudah mati
1,psikiater bunuh kirim pergi borgol tidur bohong
1,pikir bunuh keras
1,bunuh bangga pistol teman kamar temu rencana temu jembatan sepi alas hidup temu
1,hutang bunuh kamis tusuk perut minum pil maaf eja tata bahasa orang peduli
1,bunuh milik untung hidup keluarga hidup libat hidup milik teman ajak bicara hasil uang hidup mudah malam pergi rumah minum harap lupa betapa sadar habis pikir orang malas buangbuang ruang untung sukses mabuk khawatir orang coba perlahan bunuh alkohol cinta pikir sukses senang
1,aman bunuh upaya erti jujur bunuh menang benci
1,mati benci kerja benci bangun autopilot campak hubung hibur orang tua negara pergi mimpi mobil tabrak bunuh kadangkadang pikir minum pil
1,milik ganggu bipolar sadar ubah suasana hati buruk bangun tidur bicara temanteman episode manik tidur jam malam pikir pacu tuju realistis depresi lumpuh
1,pikir malam peduli peduli milik hebat janji telanjang tulang serpih kencing serpih bahagia mimpi peduli memposting catat orang mati mati coba henti peduli mati mati mati takut sakit pergi cinta pergi dengar
1,bunuh takut mati urus sakit terap coba obat hasil orang tua malam bunuh kacau rumah cari mati online temu minum minum obat laku minum ragu ragu minum obat takut mati percaya tuhan mati takut sakit takut sakit hasil
1,harap senior guru mati cocok peduli bangun coba hasil benci peduli tampil bangun pagi derita sakit cemas depresi tinggal
1,jebak kali coba bunuh hidup asa mati
1,titik berat sakit hidup
1,habis henti coba kali gagal milik pil beda cari malam besok
1,situasi uang buruk sehat mental bunuh rencana capai rencana zi pikir bunuh usia pikir tumbuh hidup buruk
1,mati halhal pergi milik lepas coba orang panik coba selamat nyata orang
1,diagnosis resmi ganggu afektif bipolar schizo mimpi buruk trial and error terapi obat koktail pil titik fungsi henti
1,kewalahan mati coba bunuh pacar bantu spiral depresi jebak rumah teman terusmenerus lemah motivasi milik hubung seks pasang cenderung temu buruk akhirakhir cinta laku kuat depresi mati luka sepi kewalahan pikir goyang bunuh
1,baca kelompok nama dignitas switzerland bantu bunuh obatobatan anggota anggota kelola milik wawas orang amerika pergi tuju bantu warga inggris jerman lulus damai
1,orang orang asa peduli tulis cemas interaksi orang orang harap menang tidur bangun rindu
1,waria usia hormon barubaru derita episode depresi disforia gender minggu kerja tampil perempuan nama perempuan maskulin terusmenerus tatap henti hubung rekan kerja ting aneh tunggu hormon takut hilang kerja bahagia sulit titik laku pikir mati harap laku selesai terima
1,sekolah buruk gugup muntah pingsan paksa pingsan hiperventilasi istirahat bunuh pikir malu menundanunda malang tolong bantu
1,ulang bunuh bunuh laku dengar pikir batin coba hidup api sakit gagal tubuh henti pikir teriak laku kadangkadang tubuh henti kadang kadang tubuh serah hidup baring tetes air mata peduli baring diam gelap berharihari coba redam suara musik milik barubaru peduli dengar laku lekat hidup dengar suara dengar ria batin milik akses mudah senjata hidup sulit sakit harap orang milik sayang pikir kalah milik
1,alas bunuh takut buruk jebak hantu omong kosong betapa hidup tahan sakit nyata alami orang laku
1,tekan orang sensitif diagnosis depresi bipolar jengkel urus jalan kulit telur halhal cepat diagnosis ganggu cemas frustrasi gambar cinta ganggu bajing sombong pergi tidur sakit orang cambuk orang rusak sedih
1,selingkuh pacar mabuk bunuh laku mabuk pacar temanteman benci selingkuh sakit
1,beli senjata besok toko tutup rincian hidup peduli selesai bantu sadar beda muak membuangbuang hidup uang udara cinta orangorang hidup layak hidup omong kosong bantu coba pisau bawa ambil darah
1,lelah tidur takut impi salah salah dengar ubah halhal buruk peduli mati istirahat lelah
1,normal timbang bunuh normal insinyur usaha akhirakhir pikir
1,hidup hilang bunuh
1,gagal cundang menyianyiakan hidup tutup cerita sedih khawatir milik hutang tinggal keluarga
1,pikir hidup laku leceh seksual ambil detik hidup asa tangan tubuh suka ambil hidup hidup salah malu gila
1,istirahat tabrak sepeda motor momen indah hidup sakit pikir senang orangorang bantu celaka asa tubuh seret sepeda meter tanah langit lagu putar earphone kosong sepeda rusak bawa cepat kali tenggelam tolong
1,alih alih harap hidup doa hidup serah pikir hilang dunia pilih
1,pandai pura pura sampah senyum milik jerawat milik lingkar hitam mata milik kulit pucat tinggal rumah pergi sekolah orangorang tatap arah tertawa tatap jijik jelek orang gila tekan alas pikir buruk milik cemas sosial teman pacar coba bicara merah malu coba bunuh asa sial
1,selesai posting lelah hidup sisa hidup pacar putus putus asa pergi bunuh
1,pikir bunuh perkosa usia pria tunawisma mabuk coba temu tinggal usia anak laki laki teman pacar campak orang benci ayah benci leceh alas hidup bunuh
1,omong kosong hidup capai bahagia fuck dude mabuk buruk sadar minggu kotor sial selesai
1,dasar tahan hidup kuat bangun pergi atur temu bahagia mati palsu bahagia
1,tahan maaf hidup
1,milik tuju buruk
1,teman bunuh bantu tinggal bunuh tahan hilang pergi sedih harap bantu juang bahagia
1,kali coba tulis kali hapus memposting minggu toko pandai besi lokal desa australia orang ajak bicara kait kerja februari log panggil ponsel pribadi coba temu gembira main laku temu jalan kemah pekan kali bawa bekal
1,hai teman teman papar catfish online palsu identitas bohong orang jalin hubung bosan ubah obsesi suka identitas lari cenderung milik pikir negatif sehat bunuh lintas pikir salah terusmenerus kali dorong hati jatuh perut pikir maaf dengar keluh pindah fokus nyata sedih sesal sakit dunia bunuh omong kosong laku
1,kecewa capai gagal coba pergi kacau bantu coba peduli coba gagal coba hidup hebat layak bunuh selesai
1,peduli harga kosong putus sekolah duduk tidur membuangbuang ganggu halhal betapa sial ganggu tugastugas dasar kecewa orang gemuk jelek titik tinggal rumah malam pergi tidur harap bangun esok pagi pagi laku metode efektif cepat sakit lari tolong lari hidup sial
1,sial ulang jalin hubung orang hancur besok tahan sulit
1,selesai bunuh suasana hati ringan urus tumpu kotor nanah harga suka nyata henti suka orangorang laku sial menang bunuh tindak bajing sial harga arah alas bagus
1,mati gagal gagal tinggal sekolah bentuk enam khusus mati orang suka tertawa kali gagap sandung katakataku tertawa
1,harga sampah harga boros ruang pintar cantik cerdas bajing sedih
1,paham signifikan cemas depresi sepi mudah banding mudah hapus
1,orang tua depresi sulit orangorang gen erti kendali sembuh berjalanjalan pikir sibuk
1,depresi bicara pedang mata suka balap orang kulit putih benci nenek kulit putih benci suka orang
1,tortilla isi depresi sembuh olivia depresi
1,butuh obat depresi hujan imbang alam jahat bth
1,gelisah depresi rebut
1, sembuh depresi damai dunia
1,resmi selesai neptunus justin timberlake timbaland depresi muda artis ubah suara dukung
1,gadis pandang ekspresi depresi stres wajahnyasaya sayang musim uji
1,tuju alam depresi klinis teriak bentur kepala dinding mati hidup harapandia simpan batas nauru
1,pan milik teman pria condong sisi kiri politik obat depresi wajah rias hasil
1,produktif sekolah rumah lelah depresi semester
1,pikir depresi jarang merosot lumpuh ruang gelap orang minggu bangun pagi
1,derita depresi bantu putus potong rambut teliti orang derita peristiwa dramatis pilih ubah rambut dramatis pulih
1,orang urus depresi sulit terima
1,depresi
1,milik ganggu cemas depresi ringan
1,depresi kacau makan
1,depresi psshare
1,uji asa depresi
1,uhhh oceh laku maaf sumpah kali bicara sehat mental peduli orangorang lupa henti depresi kendali depresi sial
1,kanye west hilang juta suka trump hilang suka trump alami depresi tebak relatif
1,ambil otak depresi lembek terima kasih
1,kosong harga gagal harap lelucon persetan malu depresi borderlinepersonality mentalillness bipolar anxiety
1,depresi tutup nikmat aktivitas
1,coba aktif motivasi akhirakhir depresi jumat
1,jarak hati hati depresi
1,buruk depresi
1,depresi sepi ruang penuh orang depresi terusmenerus lelah tidur depresi senyum sembunyi sakit depresi jiwa mati tubuh jalan depresi lupa
1,sihir cavs kalah jatuh depresi lumpuh
1,depresi putus angkat kepala jelek sayang percik cemburu benci cemburu mabuk minggu jatuh
1,sembuh depresi
1,wip seni grandmere mere maju juang depresi mimpi buruk ugh
1,ketidakamanan depresi proyeksi psikologis
1,janji alami sulit cemas depresi jurnal bantu alami buruk tulis senang tulis bantu
1,omong kosong depresi bicara
1,milik pekan senang depresi tendang pantat nikmat sengsara
1,depresi
1,nama depresi musim musim semimusim panas teman
1,sial muak hidup tembak maksud coba usaha gali depresi marah stres maaf alir pendek jelek jujur
1,canda folx masturbasi serotonin gratis milik cemas depresi
1,depresi air mata sisa menang sambar berani
1,pergi jam depresi
1,operasi depresi
1, kelly clarkson jijik depresi alami sengaja wajah pria sakit media sosial
1,depresi aktif
1,fiksasi hiper janelle mon suka depresi
1,depresi
1,depresi mudah perhati kbg
1,sabar depresi cenderung rayap tunggu milik tangan
1,milik depresi proporsi epik
1,anakanak solid main goda putar ulang depresi bicara
1,benci harihari buruk serendah depresi pribadi ambang sakit mental cemas bipolar
1,selamat bersenangsenang cemas depresi
1,milik janji besok koordinator awat takut temu kenal kesal frustrasi salah salah sadar sehat mental ptsd eupd cemas depresi juang
1,depresi orang kenal derita depresi
1,penis derita depresi ini kesepian coba
1,celaka tidur depresi berjamjam
1,rang depresi rabu
1,stereotip jalan um generasi milenial malas hak dll depresi
1,lihat ajar rpdri pan orangorang kuat inspirasi milik kecemasan depresi tonton katya miss fame sadar normal buruk saya buli mia butuh bantu kecuali pulih
1,depresi
1,sedih ekstrem energi keputusasaan lekas marah sulit konsentrasi asa salah gejala depresi berat
1,depresi sedih
1,lol gugup tolak baca katakata depresi
1,depresi
1,gambar cemas depresi ocd tengahtengah final
1,presentasi teliti seminar senior jamur obat depresi pesan bawa pulang orang narkoba
1,vegan depresi kacang putih kurdi
1,tidur siang depresi hidup
1,sigh depresi kuasa hujan
1,twitter timeline penuh politik lelucon depresi
1,derita depresi kronis
1,sumber daya depresi intuisi khusus pelihara intuisi ajar pikir depresi
1,gadisgadis kerja suka pikir depresi
1,depresi obsesi tentakasi
1,mes lumpuh depresi mes
1,lol jujur depresi buruk tangan tahan
1,iri seniman depresi tingkat kerja hancur beban
1,psikolog sejati olahraga makan sembuh depresi lmao sayang moga mudah
1,wajah pecah depresi rayap mati
1,alami depresi berat pisah sehat berkah sepeda cepat mood
1,game bicara sebentar tantang hidup juang cemas depresi obat berat lexapro proplanolol lupa fungsi
1,ubah depresi
1,spiral puji kreativitas depresi ye tua
1,bicara sayakecemasan depresi
1,hina orangorang juang depresi pikir bunuh idc desasdesus fakta orang muak gila butuh perhati bunuh lelucon sakit nyata
1,alami depresi pascapersalinan bantu medis mamac depresi pascamelahirkan sehat mental sehat mental
1,orang hubung milik sehat mental proses beda depresi cemas
1,moga alami depresi tanding malam bangun tidur makan minggu mari sial pergi bruin
1,twitter tingkat depresi ganggu mutuals bisu
1,depresi cemas alergi tinggal kerja jam malam kali tinggal kirim anak anjing keranjang anak kucing
1,depresi meme lelucon klaim keren trendi orang dekatdekat milik depresi nyata serius tolong henti lelucon depresi milik
1,kalah daging depresi
1,persetan netflix dingin depresi dingin omong kosong
1,pergi depresi hilang
1,depresi urat suka
1,buruk tidur siang mandi minum kopi mobil dengar mata cerah depresi skakmat aha
1,depresi hidup tinggal
1,tangan stres depresi rendah usaha bahagia proses senang senang ambil langkah ukur capai tuju tuju tuju jangka erti
1,jam tidur siang depresi
1,kenal coba bantu halaman dukung dukung depresikecemasan
1,depresi
1,cemas depresi sketsa cepat cemas depresi
1,tegang amarah depresi lelah vitalitas usus tahut otak usus
1,sedih depresi tidur siang
1,derita depresi cemas jadwal janji dokter bantu moga
1,hidup temanteman kuliah coba bantu depresi alihalih candu alkohol bicara
1,depresi cemas nyata
1,tweeting hidup depresi
1,halo depresi senang temu mari chug pralatihan pompa terapi kuat
1,enak depresi
1,rokok ganja tidur siang depresi
1,tolong henti korban dunia lihat mayat kacau sekarat darah tolong jenius cerah sembuh depresi dunia
1,depresi truk
1,tanda depresi
1,depresi sakit lubang salah hidup tidur gedung
1,ahli cemas depresi utama orang alami sulit tidur tidur
1,korban keras seksual saksi bunuh orang tua tidur obat pil tidur obat depresi tinggal kamar siang maksud bahagia doa
1,laku depresi kewalahan coba capai gagal selesai
1,lol depresi landa wajah ajar
1,kurus stres depresi cerai
1,makan taco bell hilang depresi
1,debat hapus media sosial musim panas padan depresi ganda orang hol tambang batal
1,irishmed stigma beda diagnosis beda bpd tarik stigma banding depresi
1,depresi cemas sial jalang
1,laku atur acara ulang facebook picu utama depresi coba positif media sosial
1,pasuk depresi pasca perang ketakterbatasan selamat jalan
1,hah milik buruk my sundown muncul acak kambing kubang depresi paksa bangun
1,juang lawan sedih depresi
1,lemah alami depresikecemasan pergi terap jalan
1,nama derick todd mi kuliah untung juang mental depresi hadap mundur selesai sekolah uang bantu sila laku
1,lari proses halhal depresi
1,milik sakit sehat mental depresi dasar sedih sulit
1,buruk depresi kosong lepas
1,maaf hilang depresi brutal
1,penuh depresi anjing mati
1,sedih sadar depresi teman sejati
1,istirahat internet bantu depresi candu narkoba lengkap sekolah gantung lari
1,depresi lelucon dukung netizen seret sayang ting manusia
1,hobi subtweet tidur siang depresi tidur siang serang cemas
1,buruk homie depresi
1,keluarga modern depresi sungguh
1,tuhan istirahat depresi manifestasi cenderung benci
1,derita depresi berat kali hidup bangkit kuat maju juang dukung cinta
1,kelas depresi buruk kelas depresi buruk
1,depresi lol
1,enak alami depresi
1,orang tua butuh hen kuat manfaat titik rendah juang depresi lelah kronis ayam
1,depresi
1,benci depresi makan hiduphidup
1,bangun tidur depresi meretweet mati kabar orang
1,depresi cemas sahabat
1,bruh bicara nasihat alami depresi
1,depresi serang hantam kereta barang sisa
1,takut alami depresi cemas hancur orang paham kuat
1,depresi periksa teman
1,lawan tidur siang produktif pergi tidur siang depresi tangis sinar ultralight malam
1,terkadang aplikasi lari depresi cemas lari
1,aye depresi buruk konseling ambil fluoxetine lega orang
1,gadis tinggal rumah sekolah cemas depresi hindar picu
1,milik depresi gay
1,depresi nyata
1,jatuh cinta renung cakap tekan konfrontasi depresi peduli
1,depresi senang
1,halo depresi teman tolong lepas
1,lihat depresi
1,buruk salah jam pagi kau kau baring tidur ulang kau laku selesai insomnia gelas hangat sesal depresi benci
1,depresi sedih depresi sedih depresi sedih depresi sedih depresi sedih depresi sedih depresi sedih depresi sedih depresi
1,tidur siang depresi
1,depresi nyata gambar asa tinggal
1,maaf pikir ketidakseimbangan kimiawi otak obat salah turun berat badan turun depresi maaf
1,depresi alas orang tinggal dunia milu orang pikir depresi serius diam
1,sulit angin kadangkadang tenang kadangkadang angin sepoisepoi kadangkadang embus angin masamasa sulit hidup hidup coba sulit lds cinta damai depresi cemas sedih takut sepi bantu bantu
1,lelucon bodoh depresi
1,hitung terima pesan orangorang juang go public depresi cemas
1,bayar semangkuk kacang tempe acar bawang depresi
1,besok uji pergi sekolah sakit fisik alami depresi pergi cepat selesai uji doa sukses besok kawan
1,halo depresi teman
1,depresi punggung tumbuh jatuh harap sulit bayar jalan
1,alami depresi juang keras
1,sebentar depresi toleransi
1,abai aspek biologis depresi kutip merkuri mundur kalimat dengar
1,hai halo depresi cemas buruk bakar neraka
1,sembunyi depresi suksesi
1,dunia alami depresi eksistensial kolektif
1,ambil tidur siang depresi jalang
1,depresi malam menang tidur bahagia
1,kalah depresi
1,tolong depresi
1,depresi sedih lupa orang peduli
1,sapu kamar kali november pokok suka depresi
1,depresi sebal
1,barubaru netflix spesial deskripsi juang lawan depresi dengar dengar orang dekade terima kasih
1,depresi
1,cemas depresi orang buka
1,kuliah tingkat stres depresi tidur stres
1,suka orang bodoh istilah ocd depresi bipolar percaya cemas
1,tebak depresi
1,depresi cemas sebal
1,suka asa depresi manamana tembus sinar matahari halang sudut jalan kotor bau pantat halus hindar manamana selatan bloor
1,perang gender aplikasi bau depresi
1,tongkat potong lipat potong gelang tangan depresi
1,pikir alih depresi kecemasan masuk akal
1,lol campur depresi bipolar mania ubah suasana hati depresi mania
1,sial milik beda milik libat uang emosi depresi cemas malam tidur asa up pikir mati hidup
1,depresi reda kejar tinggal tonton tunggang kuda bojack
1,depresi survivor penyalahgunaan saudara pulih
1,bengkok benci camhs alami depresi ringan abai diagnosis bpd
1,autisme otak sambung beda terkadang pasang otak beda tunawisma depresi dll ubah otak rupa otak autis homeopati sembuh anjing
1,derita depresi klinis cemas sosial kondisi pria misoginis
1,selfie depresi
1,awat bangkit asa kemarin kursus stress control control fantastis ajar rang cemas depresi ocdsaya harap laku harisesuatu
1,mental juang lawan kecemasandepresi rumah bangun usir serang parit manah kotor tentara kepung menang gesek cantik
1,serius derita depresi teknik jalan jalan obat temu luncur lereng maju
1,bicara hasrat streaming depresi halhal tonton
1,hilang depresi cemas tinggal tidur milik pikir buruk hidup anak selamat hidup gila pikir temu bicara
1,fleabagbuaya ned kuda shire luka kaki sedih pergi takut rumah jagal farmer bill kecewa teman bantu ned depresi cari kerja tumpang anakanakpb own dvpit dis
1,brilian cinta kasih sayang humor kelas panutan anakanak dewasa muda senang terang tantang sehat mental tolong masuk depresi
1,depresi tim kalah
1,pikir depresi pascadisney nyata lamban malam endorfin disney pudar
1,harap awan depresi kepala hilang
1,lawan depresi mudah sedih kendali
1,jatuh cemas depresi
1,cemas depresi temu hahaha
1,ekspresi jalan depresi
1,depresi
1,selamat cedera otak parah depresi serang panik baca sembuh informasi ajar bantu orang situasi
1,omong omong pergi tidur siang depresi intense
1,picu kali tweet tur pergi sehat depresi
1,bayang depresi sembuh pesona akrilik bodoh fave pakai karyawan kafe
1,depresi hancur
1,video game depresi
1,depresi harfiah jalang
1,stigma putar depresi kerja bac
1,hahahahaha serah depresi lucu hasil saudara nilai fakta
1,depresi pasca libur nyata
1,gelincir depresi
1,mudah bangkit hubung selesai harga rendah depresi hasil
1,barubaru jatuh bangun pergi lari cemas depresi ambil alih duduk pikir tanggap tweet muncul betapa bagus olahraga cemas sejahtera mental bangun lari lari
1,suka depresi rusak aspek hidup buruk tampil fisik sungguh kuat super hebat
1,depresi milik klub anime sekolah
1,ria keras memek bunuh hidup henti pikir depresi bodoh pikir sisa
1,tuhan kau sedih butuh tidur siang depresi
1,praktis kondisi mental buruk keren depresi uhh heck off
1,konsep pulih disalahpahami orang profesional diagnosis bijaksana kelola sesuai depresi tahan depresi bipolar
1,lmao cuaca depresi sepenuh hadir
1,cinta sejati tidur siang depresi
1,bantu cemas depresi teman rekomendasi cbd alas coba waras lol
1,lol pekan depresi kobar
1,tidur larut depresi rayap harap episode cemas
1,didik orangorang cis terjun bidang topik dukung pasien psikolog depresi bantu depresi
1,capai depresi musim ubah depresi
1,pesta tonton acara komedi netflix alami depresi rekomendasi
1,persetan keluarga alami depresi parah peduli saudara perempuan brengsek tunggu
1,video playlist video lucu mengolokolok transgender alami depresi lumpuh
1,senang temu elizabeth tweetnya obat depresi
1,halhal perhati serius tumbuh dewasa canda bunuh leceh ras cacat intimidasi depresi perkosa luka
1,tinggal facebook november ambil istirahat sehat mental prioritas utama diagnosis depresi bunuh
1,peluk maksud sedih depresi
1,lelah depresi ambil alih mudah henti
1,harap depresi musim smh
1,subjektif depresi derita tegang hisap berat badan tingkat hidrasi tingkat toleransi individu
1,bos anggap serius depresi butuh libur gila
1,depresi makan blok keju camil depresi
1,alami depresikecemasan hidup temu tujuh hancur sisa hidup penuh identik coba urus cari utas sentuh rumah
1,depresi olahraga jalan kosong
1,bijaksana rabu depresi sehat mental jalan hidup orang validasi jalan
1,depresi timpa
1,kesal jatuh depresi jatuh alami depresi
1,suka baju orang pakai baju depresi
1,abad alami penuh senang senang kontributor depresi aneh unik
1,alas depresi
1,sial depresi jalang
1,album kali jatuh depresi up his sleeve cinta
1,depresi level infinitywar serbia
1,google rahim laku gejala sakit lelah depresi sulit konsentrasi emosi kendali dll dll awat air vitamin
1,depresi
1,asa sadar depresi ambil kendali pompa gauge wajah
1,alami depresi cemas buruk
1,milik depresi muncul seret lubang sepi sedih
1,ambil cuti depresi sebal aula jongkok push up kendali hidup
1,ganti tangis lol menang ahli tidur siang depresi
1,selamat nikmat depresi
1,depresi resmi landa
1,sial depresi henti tweeting
1,sadar orang alami depresi berat coba bunuh milik sejarah buruk orangorang hakim buruk sayang cinta milik cinta
1,depresi lahir
1,depresi akhirakhir
1,hai adrian musik bagus musik inspirasi dengar obat depresi musik inspirasi isi kuat gembira peluk spanyol adrian
1,depresi hantam truk
1,simpan balas rp sl milik suasana hati buruk depresi lumpuh pikir
1,jujur doobie gemuk depresi cemas
1,tidur siang depresi dengar bagus
1,pergi rumah sakit periksa hiv obatobatan senang dosis tolak minum berabadabad virus kendali hiv depresi
1,papar alkohol prenatal utama rusa kembang otak akibat rentan risiko kembang perilakukesehatan cemas depresi bunuh ganggu opioid keras trauma
1,dokter putus gejala fisik cemas stres depresi periksa poin
1,depresi aneh alami depresi tulis screed misoginis bunuh besarbesaran beda
1,rencana lari depresi hantam kereta uap besok
1,marah tanda depresi periksa
1,tingkat depresi
1,depresi santa seni wtf
1,depresi gendut
1,milik cinta bicara obsesi miss depresi hancur hidup
1,langgan salur youtube harihari suka konten lupa depresi tonton konten terima kasih kerja laku
1,juang depresi berat ganggu makan temu gadis cinta rwby janji hang out pulih tonton rwby kali sahabat rwby halhal sulit
1,tulis takut cemas sakit depresi halhal seharihari pikir hidup terusmenerus
1,depresi bunuh
1,juang depresi berat sempurna
1,siluet matahari benam menghisap batang rokok kompres depresi
1,takut bukti pikir depresi kau takut kau peduli
1,depresi sebal
1,sepenuh jiwa manusia manusiawi hidup kendali antidepresi saran teman sedih sakit reaksi otak
1,kali profil facebook bayang mati depresi orang profil bantu perhati tolong
1,depresi kuda hitam
1,dar informasi sekolah februari cemas depresi halhal pribadi
1,lmao memposting cerita instagram depresi cewek suka lelucon leceh ancam pesta kontribusi depresi
1,panggil konferensi dorong depresi
1,depresi asa buruk dunia
1,tidur siang depresi
1,cemas stres depresi
1,depresi
1,harap pilih pilih depresi landa harap orang erti depresi nyata
1,jamjam depresi tangis favorit vs bangun
1,duduk pikir depresi
1,lupa depresi ketidakseimbangan kimia asa
1,juang lawan depresi alami serang panik kali duduk meja terombangambing sesal aktor sesal tingkat gadis jurus drama kampus tunang pangeran harry
1,depresi tunda juni bipolar
1,depresi pergi
1,depresi mudah mudah tolong ambil tindak kenal milik
1,garis depresi hebat senin
1,bangun jam pagi ajar uji laku tidur siang depresi
1,pikir terang siang terang terang sembunyi bayangbayang konsol depresi hina tenggelam laut langit malam bintang
1,stres titik picu depresi kecemasan kerah kuat penuh henti muncul situasi stres buruk
1,depresi tampar sadar marah
1,suka sedih jangkau orang ambil kopi menang kamar lihat sedih depresi senang anakanak percaya orang tua tinggal
1,alami depresi makan malam
1,depresi tekan
1,alami depresi draft rosen
1,botol air sandwich selai kacang diet depresi
1,depresi adhd keri serang panik jalan titik takut kecewa orang milik keluarga
1,obat tae sembuh depresi lumpuh
1,alami gejala depresi diagnosis gores darah
1,depresi
1,beda cemas milik cemas beda sedih depresi beda baca buku buka mulut coba lupa
1,titik lajang sengaja milik cemas depresi orang urus pikir hilang jalin hubung sadar
1,cemas vape sativa gantung alami depresi berat jenis gulma dll
1,sebal twitter hukum memposting postingan muncul linimasa teman orang pikir abai putus asa racun depresi serius
1,bawa pergi temu depresi pasca konser
1,coba bicara depresi milik tuju tinggal kepala angkat bahu percaya butuh hidup
1,langkah kalah depresi hapus musik sedih ponsel maaf abel cinta mati hati tahan
1,bantu pulih milik depresi cemas butuh bantu profesional rencana arah
1,kesal pribadi urus pikir depresi bunuh fakta palsu laku perhati jijik
1,harap ganja legal tingkat depresi
1,lupa depresi
1,ambil gemuk kelas kembang senang cemas depresi
1,depresi
1,nyaman hadap cemas depresi sakit mental cinta masuk cerita cemas sedih
1,depresi pilih depresi pilih depresi pilih depresi pilih depresi depresi pilih depresi pilih depresi pilih depresi pilih depresi pilih
1,pikir tempur nafas perang menang makan tidur laku manusia fungsional konstan lepas depresi sakit
1,depresi keras menang sekolah
1,juang lawan depresi minggu twitter kanye hilang kredibilitas tinggal
1,halo ilmuwan gila harfiah coba imbang gelar phd depresi milik bebek pelihara kumpul aneh tengkorak replika velociraptor nama arthur periksa eja velocipede periksa eja wtf letsbefriends
1,sembuh depresi dorong fisik mental
1,nikmat alami depresi
1,cemas campur depresi buruk
1,depresi coba
1,pegang bayi sembuh depresi bersih kulit
1,isap penis sembuh depresi
1,depresi muncul jam pagi dengar anak perempuan
1,lindsay suka jahat sejati kopi baca podcast blogging bicara anjing anakanak hewan roh platipus bipolar milik cemas depresi mari teman
1,orang sedih orang buruk bahagia orang depresi salah alam emosional manusiawi lelah alami hidup
1,berpurapura depresi terusmenerus cekik
1,ampun ashley kenal derita depresi coba hibur terima kasih didik kasar
1,depresi normal generasi mati bro tegak kepala
1,senang alami depresi sakit mental serius emoji wajah
1,ayah minggu tinggal hilang hancur mati keluarga rip depresi sejahtera
1,hey coba tebak pil turun gairah seks benci henti minum depresi tingkat desah rangsang pls butuh energi
1,sinar matahari jam serap sinar matahari sembuh depresi minggu
1,bunuh lelucon depresi lelucon sakit mental lelucon henti palsu bunuh pengaruh pemberitahuan perhati dll omong kosong orang juang pikir bunuh dll anggap serius orangorang bodoh palsu suicides
1,sebal derita cemas depresi luka alami orang cinta pikir pikir
1,takut harihari buruk depresi pulih
1,master bidang stem cemas sosial disposisi tegang depresi abadi butuh utama validasi konstan
1,orang cinta orang depresi musuh
1,sabtu pagi kelas tekan depresi hutang tidur lapar
1,air terjun sembuh depresi hancur harga nol cemas sosial lumpuh
1,baca buku alami depresi lumpuh nomor
1,makan hilang emosi rentan ketidakpastian tinggal peduli bantu depresi
1,lmao tampar depresi tolong terima kasih
1,milik lutut depresi buruk berkat bola voli akun
1,depresi landa cemas
1,hujan langit gelap garisgaris lumpur cermin depresi warnawarna cerah cermin bahagia pikir awan warna sakit kunci terbang langit
1,benci depresi kobar pribadi ayo henti bajing sedih depresi
1,keras lawan cemas depresi rawat derita demensia
1,lihat depresi
1,suka musik depresi
1, depresi jalang
1,pikir depresi manifestasi agresi pantat laku
1,alas hujan depresi bayangbayang lol
1,suka orang saran rawat tanam obat cemas depresi
1,depresi hilang
1,posting susul tenggelam benci depresi
1,pikir malam malam main fortnite tidur siang depresi tangis malu antuk
1,depresi putus hidup
1,menang pasuk depresi makan tidur buruk sakit
1,tidur siang depresi
1,depresi tidur emoji wajah kecewa
1,pergi dokter depresi pria coba resep langsung stigma orang kenal kuat selamat
1,kisah handmaid depresi
1,jujur kena depresi minggu peluk
1,aaaaaa depresi tunggu
1,dingin pakai jamjam alias seragam depresi
1,depresi bentuk sabit
1,depresi makan tidur pergi temu besok diberitahu buruk buru kerja keri
1,indah depresi kacau
1,keren milik cemas depresi sakit mental keren keri istilah istilah jijik
1,depresi
1,depresi hilang hadap hindar situasi picu
1,ayo main budaya depresi
1,hidup halang tidur siang depresi
1,jam depresi
1,alami depresi tabur
1,adopsi juang lawan depresi hidup terkadang milik mudah pelangi farter nyanyi lagu positif temu milik tuju nikmat hidup
1,pikir boneka main tutup air mata keringat bo depresi terima kasih terima kasih lol
1,makan babi depresi
1,depresi sebal
1,iperjuangandengan cemas depresi ocd tempur juang depresi sebal depresi kuat bicara depresi kalah stigma
1,depresi serang harga rendah rendah sedih depresi nikmat gabung buruk pikir jalan iring buruk
1,depresi peduli bangun tidur
1,genre indie puzzle depresi lawan lawan bodoh
1,jalang depresi truk
1,depresi cemas keledai tolak
1,lift menit cemas depresi bangun
1,benci orangorang orangorang pergi alami depresi pikir pikir bahagia sembuh keren alami depresi sedih
1,budaya gay depresi teater musikal
1,depresi suka
1,tidur jam ukur buruk depresi
1,depresi sesi tendang
1,depresi benci orang sial senang
1,ria depresi batu bata jujur andal suasana hati buruk
1,hilang keluarga alami depresi
1,tarik depresi bagus hasil hasil orang boo sakit mental orangorang spektrum percaya omong kosong
1,hidup sedih depresi
1,tidur siang depresi tidur
1,alami depresi menang marah
1,urus sakit paruparu depresi tendang pantat coba kesan orangorang angkat telepon kabar sial
1,depresi bungkuk goda hilang depresimembungkuk goda hilang depresi
1,susah move aktif depresi
1,minat seksual gejala depresi
1,coba sikap positif depresi dorong positif coba
1,emoji wajah lelah depresi janji coba
1,putus sekolah ambil cuti semester ubah pergi kelas depresi obat acau
1,depresi
1,pegang depresi pudar
1,alami depresi capai fase an hilang
1,benci depresi
1,ajar bicara depresi
1,dokter pikir dokter obatobatan laku bantu depresi ganggu gembira balas benci seharihari pikir buruk
1,depresi tenang dingin minum antidepresan
1,pasuk depresi bagus
1,depresi aneh alami asa kuat
1,hujan suka hujan hujan picu depresi sampah
1,sepakat intimidasi henti titik tinggal sekolah home schooling alami serang panik depresi klinis ganggu cemas parah dll halhal ubah
1,pikir kepala depresi keras gantung cinta kawan
1,dunia hidup sulit sial salah wanita jalang depresi
1,depresi hebat
1,ria depresi cemas orang
1,pergi rumah sakit jiwa ijazah pikir depresi tertawa terbahakbahak
1,india persis juang depresi frustrasi keluarga temanteman erti tonton film lucu depresi
1,depresi nyata
1,depresi sakit mental stigma minum obat stigma orang butuh takut coba coba layak coba cari semangat laku
1,depresi cemas kuasa pengaruh tulis dorong sudut salah orang gagal maju kerja kecuali bicara
1,alami depresi emoji wajah cemberut
1,keluh depresi kriteria diagnostik maksud
1,selisih mitra kirim tarik depresi terusmenerus tinggal hapus jatuh akun kirim karakter
1,cemas nyata depresi emoji wajah keringat dingin
1,jatuh depresi mudah lakukan jaga
1,ria depresi tidur siang lol
1,bersenangsenang bicara kapal kadangkadang buka depresi konyol canda bicara halhal serius kekanakkanakan hilang stress rumit
1,depresi obsesi
1,juang lawan depresi berat cemas ekstrem usaha hindar juang menang kait orangorang
1,depresi menang babak
1,depresi pasca konser nyata
1,suka tonton milik hidup sosial milik jam depresi
1,depresi depresi serang juang lawan depresi bahagia orangorang peduli asa orang
1,alami gelombang depresi kerja milik kencan gadis malam doa
1,depresi perlahan lumpuh tinggal rumah tidur
1,putus lawan depresi bugar fisik
1,depresi senang hidup
1,dengar dengar hidup sakit mental depresi cemas dekade sengaja selibat wanita bunuh priapria normal bosan evaluasi psikologi kursi lengan
1,pergi tidur alami depresi cinta temanteman nct wonwoo
1,perang perang rohani depresi hidup
1,depresi arah depresi sadar arah depresi
0,barusan liat tulis truk rela injak kopling shopping
0,her miss kevin keven rebut gimbot wis beli ae nunjuk twins asik main ipad masin
0,iya rep gatahu kelas sd ehh block
0,mohon janji penantiancintaeps
0,ria nk kahwin sbb gatal celah kangkang penat kg orang anggap bujang takde kerja and ser
0,habanero pedas kali ganda pedas gila
0,tengok drama cinta kristalatu conversation anak iyeee perempuan
0,butuh interaksi ayo line segitu mutualan ku follow auto follow back
0,kau streak
0,nunggun video retweet full
0,nan
0,malam undang opening hungerbelt spazio teman
0,ramai sifu property approach join kelas investment cerita beli rumah murah sewa
0,lecturer suruh tampal note tengok tampal muka crush pulak
0,ken nikah umur sm orang lamar
0,outin gimana outin bayar
0,gampang nanya
0,makan makan reput rumah hadap orang haih
0,kaget lihat teman kabar meni hati taaruf cium kabar
0,mbak link jepang main
0,hyung kanibal
0,jajan kak
0,nan
0,ada give away give away album bts cinta yourself jawabs follow retweet
0,rumah anagram besok malam minggu
0,jumat malam kawan mobil sebwah apartemen diurabaya barat gaes maaf
0,nang kampus ngopi ketemu ubah
0,de adab budak pinjam buku
0,popular weh sorry blur paham maksud
0,tulis buku bangga anak pki tuju pki
0,mandi diceramahin nyonya inti tobat abis komandan
0,jual suruh tebuk lubang kecik tahan
0,kengkawan suka cari translate bahasa jawa anak jawa
0,kepo
0,cowok juta
0,tulis followan ayo rep teman
0,tahan sayang paksa kapel
0,pergi klinik muntah tengok carta organisasi gelak
0,allah ken ngakak goler trit
0,pastu perangai babi nampak taknak kahwin
0,siang senang minggu sholat jumat lupa habis giat latih bareng team
0,kawan tips dietebab cuti makan diet kurus giler
0,nan
0,takde ciri sayang orang gelap suka putih suka tampan
0,izin upload
0,lupa sholat dzuhur
0,jaga hati orang pikir
0,salam suami exo korea
0,tidur buka kipas aircond takut kucing sejuk bangun jam
0,pagi malam pagiudah coba trik pancing pancing kayak gitu
0,mamah coba
0,besok tanggal kemarin movie unduh sedih movie fikir
0,ngatahu bang definisi hasil nga
0,main deg mulu id
0,jual
0,beli
0,gaduh inggris otomatis kuat uji kena gaduh
0,ramai sifu property approach join kelas investment etcemua cerita beli rumah murah sewa
0,shalat jumat
0,giveaway ina nungguin wdtv gila kaya tolong doa
0,moga salah sahabat untung dapetin pulsa lupa like ajak teman
0,tukar tayar myvi pasang rm malam
0,hallo selancar twt belanja gmarket gitu nemu beli album gmarket
0,ti
0,pipi cubit pipi emang cium
0,best tengok ikan pulau makan roti salah ikan
0,baca emang ngetik
0,giveaway pulsa orang menang retweet follow akun menang tangga
0,nan
0,pas ngajar privat gitu adek kakak murid adek
0,dok bayang alien keluaq dada
0,laki ayat lahai
0,diam kalah kadang debat orang tolak dengar
0,tengok
0,tulis followan ayo teman
0,ngak bawa tas selempang
0,jalur arah kampung
0,ralat suka jb ayo followan butuh teman ngobrol cuman butuh
0,sungguh jaga henti pura jaga paksa kau kau perl
0,ab bucin exo mutualan yuu rep janji follback kenal
0,tidak apa apa is banget inggris literally internasional bahasa prefer bah
0,benda bawak gurau rupa paras bentuk badan ketidak amanan contoh gagap pas
0,ko pake bagpack
0,tinggal harap orang post gambar kubur letak caption lebaq kau sedekah al
0,baca golong orang kaya
0,brape jam mati otak
0,adain give away give away album bts cinta yourself jawabs follow retweet
0,sembang budak legend kau ajar main ml boi
0,bts sibuk nafkah keluarga kejar impi army sibuk nafkah orang
0,askmf ayah ayah suka pedes masakan mama pedes tetep ayah makan mama
0,september kunjung pustaka
0,gaduh inggris otomatis kuat uji kena gaduh
0,nan
0,ketemu lisa blackpink salat mesjid thailand wudhu liat
0,baca buku suka puisi ayo reply halaman sampe foto ralat
0,nama kucing nama
0,jual email aktif
0,ayo
0,freebies alle ayo cari venue ikutin rules gambar
0,woooojin jihoon ha
0,bingung
0,pilih pemenang komentar bagus bingung pilih tunggu sebentar
0,intai kertas uji kau
0,acc rame ayo upfoll gitu lt harga rules cek pinned upfoll rp
0,daftar
0,nan
0,nan
0,sayang ku teman teman makan tolong pesan tolong pesan
0,dengar kau geli konon
0,coba posisi dituker suka makan suka masak
0,untung mak anak suka tangkap gambar umur
0,ku marah kau kacau tidur pagi genggam muat jari kampung hati kau gergasi
0,rangorang mikir tampil pake barang mewah bias
0,giveaway pulsa orang menang retweet follow akun menang tangga
0,gadis berniqab alhamdulillah henti berselfie share gambar
0,kuat hantu rumah
0,duduk situ gitu
0,nilai ulang jelek panggil ayah esok gimana hasil ulang
0,daya fanatik
0,syukur hubung permesta
0,tangkap kreatif tweet berita hubung
0,maryan zaman balita sampe zaman mata rumah kencang
0,tulis followan ayo rep teman
0,bangun rumah tradisional dayak beda rumah da
0,orang sabah pulau selamat dorang culik abu sayap
0,bodo hibur bodo member ceni
0,penasaran kisah
0,nan
0,tweet bangang liar socmed mari kawan tengok jenis kelamin
0,tengok anak buah
0,mutualan ayo ikonic btw fllbck
0,periksa dokter diam kena sakit lambung mesti rujuk rumah sakit kaya
0,lift member jumpa prof tingkat tingkat member tingkat bongok memasing
0,betegur bff
0,cowok salat jumat ganteng calon imam alat jumat
0,juluk mahasiswa wajib gitu artikel info
0,tolong butuh donasi kucing kucing suka rumah banget rumah tidur ku
0,cd liat morot
0,tolong tolong perempuan baca malu malu ria cerita kawan dengar
0,orang kandung jaga mulut peluang sumpah kandung mujarab doa
0,cakep asli foto cakep foto asli jelek
0,butang baju melayu
0,tingkat bunyi gegar jalan kuat
0,universiti dengar orang label pelajar pandai hadap buku hidup
0,cari topik gap teliti isi
0,kerja
0,jilid jual
0,topi
0,serius teman kuliah pontianak beli rumah mobil anak asli kota
0,bodo
0,jumat jadah sarung
0,money bucin berkat nct dream rezeki duga
0,nany kau suka cakap suka jatuh hati nany anggap kawan
0,ngapa nanya akun private tetep bom ubah
0,gagal negara elok salah tanding parti salah
0,anak ajak acara
0,terkadang lihat orang jalin hubung pas dengar nikah
0,adik lomba poster kali anak indonesia juara dunia juara
0,asli layan pokok tegang serbaa
0,mimpi tidur
0,perut
0,nctea ngedip gitu kedip hasil merem
0,kantuk tidur khawatir besok cinta besok ngirim pesan
0,mending gerobak bayar resepsi nikah
0,follow back group
0,tengok member pergi habis duit orang ilmu makan ringgit
0,malam lapar ulang peti sejuk kali buka jenguk tutup buka jenguk tutup terfikir peti
0,kemarin juno random ngomong sesuai plan ribet kawin
0,malaysia
0,perempuan kena jaga jaga muka malaikat kadang perangai syaitan lari laju teruk
0,mamat keren cinta hati putih kain bom cari kena
0,hush floi harry
0,pasal benci matematika
0,surprise giveaway gabut nambah teman pulsa nominal rb operator
0,fikir acne scar tai lalat
0,fkepala jantan ngaku hanjeng
0,asyik kena cari kau asyik kena asyik ria pergi mampus
0,surat ku sbb
0,maaf kau
0,nan
0,tolong jaga tepi kain jaga
0,ayo rapat workshop premium ilmu buka usaha tas mahal merek sedia
0,femes
0,anak kasih
0,ganteng jumpa
0,sekolah masuk bk bandel bawa bmw sport
0,bayang telfonan hanbin malam kantuk hanbin nyanyi lagu sampe
0,main bosan rp lari kesana
0,lapar nep
0,tubuh sembunyi embun jendela kabut tetes gerimis teh
0,erina followan acc ku tulis follback woy follow
0,jelah suka orang
0,allah hibur ridha mu sabar uji engkau turun jual
0,bakar orang
0,teh minum panas paham hukum termodinamika
0,duit es krim kali
0,kahwin isteri confes kenal luah asa
0,tengok ikan pulau makan roti salah ikan
0,lelaki kuat bab fokus corpus callosum cc jaring otak hubung bahan kiri
0,butuh totebag nder huhu font kaya gitu warna tulis hitam totebag putih lucu banget
0,pulsa orang bangchan pirang pirang
0,tweet ti canai
0,follow back group
0,nan
0,minggu dewan nasehat rapat perdana mbs
0,template mamah mamah hadiah
0,pokemon go
0,reda
0,dara pergi kenduri lepas ramai orang lepas risau duduk
0,allah bahagia
0,jujur busuk
0,amal sikap pergi mampus sayang gagal jenis mudah kesi mudah maaf
0,gitu lt doa moga ganteng
0,ikon jaman suka taehyun suka yunhyeong dukung ti
0,gila beli kak
0,hormat hormat
0,tolong tidur perangai babi sampah
0,bibi adik cantik suka banget liat neng neng
0,bigolive
0,cinta takut temu orang
0,diam angguk orang
0,pake himalaya masker bagus emang banget
0,kali nampak peti dapur
0,idola banget mba
0,sungguh kuasa tanda dewasa selamat
0,kejut muka kau kang
0,presentasi lancar album
0,shopee
0,laksana wajib allah niscaya orang takwa
0,cinta promo grabfood makan burger mcd harga ayam geprek
0,nampak senang untung sentiasa senyum orang keliling ramah gelak ketawa
0,cinta gue
0,selesai tonton movie habis senyum sorang nasib tengok
0,doa bapa allah ampun
0,tampil hadap audiens lakuin lihat ahli mu tuntas kagum
0,ciri lelaki idam kena ayah
0,sikat kakak sikat baju celana bersih canda sikat
0,suka banget makan jepang
0,cari rezeki halal bisnes online tipu orang pulak
0,cepet sembuh sayang moga kuat allah angkat sakit semangat
0,selamat umur moga sehat umur moga
0,kedai mamah nudes tl aduh
0,maut pisah cinta sayang tulus hati
0,usaha sinar awan jalan iring puja bebas hanyut
0,rindu kau doa semoga tuhan lindung kau
0,mantap jokowi avengers cegah thanos hapus populasi
0,anak jiran umur bagitahu bf gay kak sbb pegang tetek langsung
0,muhammad muhammad dengar seru rindu rindu muhammad
0,lupa sholat jumat sayang jelek sayang ganteng wajib kira
0,khawatir orang sayang
0,lihat wajah lepas kau bau ikan mandi
0,nama indonesia nama toleransi nama bhineka tunggal ika peti jenazah pendeta
0,baca siang
0,manusia suka terima kasih dukung gembira duka kau anugerah
0,lipstik creamy kaya purbasari gitu bibir kering pake enak liat kering
0,gemes
0,nyanyi raisa lagu mantan indah allah haru
0,kenang indah kali kau cumbu sayang
0,kak rehan sabar
0,sharing gitu kasih motivasi kasih petuah kaya nikah umur
0,kuliah ponteng
0,iya indah semangat bawa titik favorit
0,juang temu jalan matsukaze tenma
0,liat dance
0,selamat rehat lawak suka evergreen
0,senang senang bodoh
0,kantuk tidur khawatir besok cinta besok kirim pesan
0,pesan
0,percaya allah
0,iya folback jarang pake ig fb mu
0,manis manis banget diabetes
0,cinta
0,gigih nau
0,terima kasih kau berani tegur
0,jalan kaki
0,suka perempuan susah tulah susah
0,suka jinkook
0,kau sabar
0,sumpah cheese selesai malaysia kedai makan laris jual makan cheese
0,putar putar bahagia
0,spesial
0,pesan benda harga orang dunia ayah nenek saudara
0,tengok mak bahagia bahagia hidup pakcik mak sedih susah sinar
0,nyanyi raisa lagu mantan indah allah haru
0,minat nonton sihir kaito
0,salam suami exo korea
0,sungguh kuasa tanda dewasa selamat
0,teman doa lancar kerja skripsi
0,hormat hormat
0,tolong
0,akun bisyar receh iya gpp asa kelas beda senyum
0,tuhan negeri mekah negeri aman anak cucu
0,siang senang minggu sholat jumat lupa habis giat latih bareng team
0,sayang
0,uhan tidur malam mohon engkau rezeki surprise bagus esok amin
0,jokowi
0,bantu selagi
0,fakta kaya materi
0,siang boss ku lupa makan siang sehat semangat perfom
0,anak jiran umur bagitahu langsung
0,cakap minat drama korea sial
0,sungguh tinggal sabar patuh nasihat laku
0,gag
0,beli beli album beli
0,cinta teman kordes
0,cuba amal sikap pergi mampus sayang gagal jenis mudah kesi mudah maaf
0,acara keren wajib intelektual muda
0,andai serah kau indah
0,sedih brader
0,pintar adab pintar iblis pintar iblis
0,percaya baca tweet ngakak tulis
0,tawa cipta cipta bangga
0,anak jiran umur bagitahu langsung
0,tuhan hakim
0,suka video jokowi pakai bahasa jawa
0,al quran dunia alam semesta gimana
0,allah lindung mu siksa kubur siksa neraka jahannam fitnah hidup mati
0,kasih kabar orang tua ma uang anak habis
0,suami kena berfikir kuat
0,tuhan bijak khawatir lumpuh ku
0,kuat masak masak harap kawin masak suami
0,tarik jalan ninja ku
0,lupa marah
0,kali banget kaka haru
0,cinta orang tegur orang puji rana orang tegur
0,anggap sahabat marah benci
0,berani takut benda kena takut allah
0,cerah
0,hibur dendang ikan bakat
0,ketawa ngakak muka
0,dewasa cinta amarah mu egois keras kepala lepas tubuh mu
0,malu lihat
0,serah sampeyan manut habib luthfi khryarif rahmat bendera
0,iya mutualan ayo
0,iya iya bercanda
0,butuh interaksi ayo segitu mutualan ku follow auto follow back
0,suka
0,nama indonesia nama toleransi nama bhineka tunggal ika peti jenazah pendeta
0,senang ajak
0,allah tuhan kau lindung
0,angeline miss mama dikit kemarin
0,mu gemes banget adminnya marah
0,ulang besok enip ikon pulsa orang
0,menang jajan
0,mudah milik sungguh cinta henti usaha hati
0,hidup sisa hadap
0,halang rintang henti serah
0,nasib kakak normal
0,ice cream cium besok imo jemput imo pacar
0,emang cantik iya ganteng ganteng
0,salute orang sabar
0,surabaya lihat ngomong kayak anak jaksel logat suroboyo
0,kadang cantik kadang buka hulur
0,buru buru arti lihat muka sesuai letak
0,tulis followan ayo rep teman
0,tuhan takdir tuhan milik rencana
0,tata ruang nyaman nongkrong
0,sentak diam bungkus mie lihat teman lihat kocak banget
0,bintang sempurna sempurna
0,nampak hidup
0,ken nikah nikah kue ibadah
0,teman jumpa ayatputus asa sabar terbahagi sabar
0,abad abada cinta surga rana allah
0,daftar kemudi ojol
0,doa rezeki putus
0,doa lelaki kerja cari duit pasang sehat murah rezeki
0,senang video game day gamers semoga cuman main gamers prestasi
0,moga baby el
0,ayo intip gaya busana julie refrensi kondangan
0,mohon janji penantiancintaeps
0,tahan selagi kuat tahan pergi
0,ketawa daerah temu
0,kangen banget acc teman rpw
0,ayo mas
0,iya hebat
0,tuduh dasar
0,teman teman ajak nostalgia ayo simak
0,obat sakit
0,senyum pulih hati sakit sanggup senyum sanggup
0,cinta tetes kau temu
0,iya tulus coba fokus bersih jerawat pede
0,bukti tarik orang kelakar
0,tolak kau sedih
0,ganteng
0,ambil hikmah proses ajar
0,moga cepat
0,dingin peluk kasur pagi
0,orang cinta harta penantian cinta eps
0,butuh acc
0,lepas tangan kau lepas full house
0,suka orang cakap benda susah harga tolong
0,tumben bepikir positif iya
0,izin bahagia serius photocard
0,suka liat kakak mas adimas
0,jumat mustajab doa allah hamba berani
0,ken allah
0,umpan bakso cheese inshaallah
0,kepo
0,ralat mall nemu ngakak banget
0,ralat alas cinta twitter
0,cuba aneh kau terima kasih sbb kau bantu
0,bahagia habis bahagia sedia
0,maaf lapang dada suka allah ampun allah
0,kesatria patriot lemah bukti tulis buku bangga anak pki
0,suka
0,suka
0,terkadang sadar tuhan orang orang butuh
0,suka orang sayang cari letak prioritas duka susah senang cari
0,allah nikmat potong roti syukur allah
0,bosan nunggu
0,alhamdulillah sampe rumah kantuk banget sampe susah melek neng
0,sarah tayang panggil sayang lawak abang ipar
0,pikir hidup tinggal percaya tunggu
0,maaf suka tawa
0,tidur fikir orang sayang tidur
0,kak rehan sabar
0,orang ganteng wangi murah senyum asik lemah lembut ngetik
0,ngefans
0,bro follow ayo ava ku sungwoon auto follback
0,santai
0,kunci capai sempurna laku
0,lol
0,sedap makan rebus ikan nasi putih penuh sabarmakan sambal sotong
0,aman kau terap kerja jobstreet terap kejap syukur siak terima kasih
0,pikir cinta harga hidup
0,peduli hilang hidup syukur tuhan hilang
0,sayang cari tajir ganteng mundur cari obat ala tiongkok akupuntur
0,kakak
0,pasang cari usaha lengkap
0,selesai momen jatuh cinta kali sikap keluarga
0,terima kasih pulsa masuk niat komen kasih pulsa
0,sadar sekian semoga kelak hati
0,giveaway karma aduh laku parfum hits
0,sedap sate
0,anggap teman canggung rindu
0,nan
0,doa rezeki putus
0,amin moga hasil
0,setan kau kang
0,masuk grup barusan share langsung goyang shopee
0,kejar mimpi henti temu laut jalan alkahfi
0,nampak sedap leleh patut
0,suami ku kabar
0,semak
0,kabul kabul
